Name,Female Filename,Male Filename
None,female_f_hair000.png,male_m_hair000.png
Leather Helm,female_f_hair017.png,male_m_hair015.png
Chain Helm,female_f_hair018.png,male_m_hair016.png
Hunters Helm,female_f_hair010.png,male_m_hair010.png
Hunters Cap,female_f_hair027.png,male_m_hair027.png
Velociprey Helm,female_f_hair013.png,male_m_hair013.png
Velociprey Cap,female_f_hair012.png,male_m_hair011.png
Genprey Helm,female_f_hair015.png,male_m_hair019.png
Genprey Cap,female_f_hair044.png,male_m_hair044.png
Ioprey Helm,female_f_hair039.png,male_m_hair039.png
Ioprey Cap,female_f_hair045.png,male_m_hair045.png
Rathian Helm,female_f_hair011.png,male_m_hair012.png
Rathian Cap,female_f_hair016.png,male_m_hair014.png
Cephalos Helm,female_f_hair035.png,male_m_hair032.png
Cephalos Cap,female_f_hair036.png,male_m_hair034.png
Battle Helm,female_f_hair031.png,male_m_hair033.png
Battle Cap,female_f_hair028.png,male_m_hair030.png
Monoblos Helm,female_f_hair046.png,male_m_hair046.png
Monoblos Cap,female_f_hair047.png,male_m_hair047.png
Bone Helm,female_f_hair014.png,male_m_hair018.png
Bone Cap,female_f_hair052.png,male_m_hair052.png
Gypceros Helm,female_f_hair019.png,male_m_hair020.png
Gypceros Cap,female_f_hair020.png,male_m_hair023.png
Rathalos Helm,female_f_hair021.png,male_m_hair021.png
Rathalos Cap,female_f_hair022.png,male_m_hair022.png
Hi Metal Helm,female_f_hair048.png,male_m_hair048.png
Hi Metal Cap,female_f_hair049.png,male_m_hair049.png
Khezu Helm,female_f_hair025.png,male_m_hair024.png
Khezu Cap,female_f_hair026.png,male_m_hair025.png
Lobster Helm,female_f_hair032.png,male_m_hair031.png
Plesioth Helm,female_f_hair037.png,male_m_hair037.png
Plesioth Cap,female_f_hair038.png,male_m_hair038.png
Vespoid Helm,female_f_hair023.png,male_m_hair026.png
Vespoid Cap,female_f_hair024.png,male_m_hair017.png
Diablo Helm,female_f_hair029.png,male_m_hair028.png
Diablo Cap,female_f_hair030.png,male_m_hair029.png
Hornet Helm,female_f_hair042.png,male_m_hair040.png
Hornet Cap,female_f_hair043.png,male_m_hair041.png
Gravios Helm,female_f_hair040.png,male_m_hair042.png
Gravios Cap,female_f_hair041.png,male_m_hair043.png
Borealis Crown,female_f_hair033.png,male_m_hair000.png
Glyph Crown,female_f_hair034.png,male_m_hair000.png
Auroros Helm,female_f_hair000.png,male_m_hair035.png
Genesis Headpiece,female_f_hair000.png,male_m_hair036.png
Dragonhead,female_f_hair050.png,male_m_hair050.png
Dragonface,female_f_hair051.png,male_m_hair051.png
Maidens Hat,female_f_hair053.png,male_m_hair000.png
Personal Hat,female_f_hair054.png,male_m_hair000.png
Guild Knight Feather,female_f_hair000.png,male_m_hair053.png
Guild Knight Mask,female_f_hair000.png,male_m_hair054.png
Shinobi Mask Sun,female_f_hair059.png,male_m_hair059.png
Shinobi Mask Moon,female_f_hair060.png,male_m_hair060.png
Velociprey Mask,female_f_hair055.png,male_m_hair055.png
Mosswine Mask,female_f_hair057.png,male_m_hair056.png
Bullfango Mask,female_f_hair058.png,male_m_hair058.png
Skull Face,female_f_hair056.png,male_m_hair057.png
Black Belt Helm,female_f_hair070.png,male_m_hair070.png
Red Piercing,female_f_hair000.png,male_m_hair000.png
Blue Piercing,female_f_hair000.png,male_m_hair000.png
Yellow Piercing,female_f_hair000.png,male_m_hair000.png
Black Piercing,female_f_hair000.png,male_m_hair000.png
Rath Heart Helm,female_f_hair062.png,male_m_hair062.png
Rath Heart Cap,female_f_hair069.png,male_m_hair069.png
Rath Soul Helm,female_f_hair096.png,male_m_hair096.png
Rath Soul Cap,female_f_hair097.png,male_m_hair097.png
Monodevil Helm,female_f_hair088.png,male_m_hair088.png
Monodevil Cap,female_f_hair089.png,male_m_hair089.png
Leather Helm+,female_f_hair017.png,male_m_hair015.png
Chain Helm+,female_f_hair018.png,male_m_hair016.png
Hunters Helm+,female_f_hair010.png,male_m_hair010.png
Hunters Cap+,female_f_hair027.png,male_m_hair027.png
Velociprey Helm+,female_f_hair013.png,male_m_hair013.png
Velociprey Cap+,female_f_hair012.png,male_m_hair011.png
Genprey Helm+,female_f_hair015.png,male_m_hair019.png
Genprey Cap+,female_f_hair044.png,male_m_hair044.png
Ioprey Helm+,female_f_hair039.png,male_m_hair039.png
Ioprey Cap+,female_f_hair045.png,male_m_hair045.png
Rathian Helm+,female_f_hair011.png,male_m_hair012.png
Rathian Cap+,female_f_hair016.png,male_m_hair014.png
Cephalos Helm+,female_f_hair035.png,male_m_hair032.png
Cephalos Cap+,female_f_hair036.png,male_m_hair034.png
Battle Helm+,female_f_hair031.png,male_m_hair033.png
Battle Cap+,female_f_hair028.png,male_m_hair030.png
Bone Helm+,female_f_hair014.png,male_m_hair018.png
Bone Cap+,female_f_hair052.png,male_m_hair052.png
Gypceros Helm+,female_f_hair019.png,male_m_hair020.png
Gypceros Cap+,female_f_hair020.png,male_m_hair023.png
Rathalos Helm+,female_f_hair021.png,male_m_hair021.png
Rathalos Cap+,female_f_hair022.png,male_m_hair022.png
Hi Metal Helm+,female_f_hair048.png,male_m_hair048.png
Hi Metal Cap+,female_f_hair049.png,male_m_hair049.png
Khezu Helm+,female_f_hair025.png,male_m_hair024.png
Khezu Cap+,female_f_hair026.png,male_m_hair025.png
Lobster Helm+,female_f_hair032.png,male_m_hair031.png
Plesioth Helm+,female_f_hair037.png,male_m_hair037.png
Plesioth Cap+,female_f_hair038.png,male_m_hair038.png
Vespoid Helm+,female_f_hair023.png,male_m_hair026.png
Vespoid Cap+,female_f_hair024.png,male_m_hair017.png
Diablo Helm+,female_f_hair029.png,male_m_hair028.png
Diablo Cap+,female_f_hair030.png,male_m_hair029.png
Hornet Helm+,female_f_hair042.png,male_m_hair040.png
Hornet Cap+,female_f_hair043.png,male_m_hair041.png
Gravios Helm+,female_f_hair040.png,male_m_hair042.png
Gravios Cap+,female_f_hair041.png,male_m_hair043.png
Borealis Crown Mai,female_f_hair033.png,male_m_hair000.png
Glyph Crown Mai,female_f_hair034.png,male_m_hair000.png
Auroros Helm Mai,female_f_hair000.png,male_m_hair035.png
Genesis Headpiece Mai,female_f_hair000.png,male_m_hair036.png
Dragonhead+,female_f_hair050.png,male_m_hair050.png
Dragonface+,female_f_hair051.png,male_m_hair051.png
Maidens Hat+,female_f_hair053.png,male_m_hair000.png
Personal Hat+,female_f_hair054.png,male_m_hair000.png
Guild Knight Feather+,female_f_hair000.png,male_m_hair053.png
Guild Knight Mask+,female_f_hair000.png,male_m_hair054.png
Shinobi Mask White,female_f_hair059.png,male_m_hair059.png
Shinobi Mask Black,female_f_hair060.png,male_m_hair060.png
Velociprey Mask+,female_f_hair055.png,male_m_hair055.png
Mosswine Mask+,female_f_hair057.png,male_m_hair056.png
Bullfango Mask+,female_f_hair058.png,male_m_hair058.png
Skull Face+,female_f_hair056.png,male_m_hair057.png
Red Piercing+,female_f_hair000.png,male_m_hair000.png
Blue Piercing+,female_f_hair000.png,male_m_hair000.png
Yellow Piercing+,female_f_hair000.png,male_m_hair000.png
Black Piercing+,female_f_hair000.png,male_m_hair000.png
Rath Heart Helm+,female_f_hair062.png,male_m_hair062.png
Rath Heart Cap+,female_f_hair069.png,male_m_hair069.png
Rath Soul Helm+,female_f_hair096.png,male_m_hair096.png
Rath Soul Cap+,female_f_hair097.png,male_m_hair097.png
Leather Helm S,female_f_hair017.png,male_m_hair015.png
Chain Helm S,female_f_hair018.png,male_m_hair016.png
Hunters Helm S,female_f_hair010.png,male_m_hair010.png
Hunters Cap S,female_f_hair027.png,male_m_hair027.png
Velociprey Helm S,female_f_hair013.png,male_m_hair013.png
Velociprey Cap S,female_f_hair012.png,male_m_hair011.png
Genprey Helm S,female_f_hair015.png,male_m_hair019.png
Genprey Cap S,female_f_hair044.png,male_m_hair044.png
Ioprey Helm S,female_f_hair039.png,male_m_hair039.png
Ioprey Cap S,female_f_hair045.png,male_m_hair045.png
Rathian Helm S,female_f_hair011.png,male_m_hair012.png
Rathian Cap S,female_f_hair016.png,male_m_hair014.png
Cephalos Helm S,female_f_hair035.png,male_m_hair032.png
Cephalos Cap S,female_f_hair036.png,male_m_hair034.png
Battle Helm S,female_f_hair031.png,male_m_hair033.png
Battle Cap S,female_f_hair028.png,male_m_hair030.png
Monoblos Helm S,female_f_hair046.png,male_m_hair046.png
Monoblos Cap S,female_f_hair047.png,male_m_hair047.png
Bone Helm S,female_f_hair014.png,male_m_hair018.png
Bone Cap S,female_f_hair052.png,male_m_hair052.png
Gypceros Helm S,female_f_hair019.png,male_m_hair020.png
Gypceros Cap S,female_f_hair020.png,male_m_hair023.png
Rathalos Helm S,female_f_hair021.png,male_m_hair021.png
Rathalos Cap S,female_f_hair022.png,male_m_hair022.png
Hi Metal Helm S,female_f_hair048.png,male_m_hair048.png
Hi Metal Cap S,female_f_hair049.png,male_m_hair049.png
Khezu Helm S,female_f_hair025.png,male_m_hair024.png
Khezu Cap S,female_f_hair026.png,male_m_hair025.png
Lobster Helm S,female_f_hair032.png,male_m_hair031.png
Plesioth Helm S,female_f_hair037.png,male_m_hair037.png
Plesioth Cap S,female_f_hair038.png,male_m_hair038.png
Vespoid Helm S,female_f_hair023.png,male_m_hair026.png
Vespoid Cap S,female_f_hair024.png,male_m_hair017.png
Diablo Helm S,female_f_hair029.png,male_m_hair028.png
Diablo Cap S,female_f_hair030.png,male_m_hair029.png
Hornet Helm S,female_f_hair042.png,male_m_hair040.png
Hornet Cap S,female_f_hair043.png,male_m_hair041.png
Gravios Helm S,female_f_hair040.png,male_m_hair042.png
Gravios Cap S,female_f_hair041.png,male_m_hair043.png
Borealis Crown Haku,female_f_hair033.png,male_m_hair000.png
Glyph Crown Haku,female_f_hair034.png,male_m_hair000.png
Auroros Helm Haku,female_f_hair000.png,male_m_hair035.png
Genesis Headpiece Haku,female_f_hair000.png,male_m_hair036.png
Dragonhead S,female_f_hair050.png,male_m_hair050.png
Dragonface S,female_f_hair051.png,male_m_hair051.png
Maidens Hat S,female_f_hair053.png,male_m_hair000.png
Personal Hat S,female_f_hair054.png,male_m_hair000.png
Guild Knight Feather S,female_f_hair000.png,male_m_hair053.png
Guild Knight Mask S,female_f_hair000.png,male_m_hair054.png
Shinobi Mask Heaven,female_f_hair059.png,male_m_hair059.png
Shinobi Mask Earth,female_f_hair060.png,male_m_hair060.png
Velociprey Mask S,female_f_hair055.png,male_m_hair055.png
Mosswine Mask S,female_f_hair057.png,male_m_hair056.png
Bullfango Mask S,female_f_hair058.png,male_m_hair058.png
Skull Face S,female_f_hair056.png,male_m_hair057.png
Red Piercing S,female_f_hair000.png,male_m_hair000.png
Blue Piercing S,female_f_hair000.png,male_m_hair000.png
Yellow Piercing S,female_f_hair000.png,male_m_hair000.png
Black Piercing S,female_f_hair000.png,male_m_hair000.png
Rath Heart Helm S,female_f_hair062.png,male_m_hair062.png
Rath Heart Cap S,female_f_hair069.png,male_m_hair069.png
Rath Soul Helm S,female_f_hair096.png,male_m_hair096.png
Rath Soul Cap S,female_f_hair097.png,male_m_hair097.png
Monodevil Helm S,female_f_hair088.png,male_m_hair088.png
Monodevil Cap S,female_f_hair089.png,male_m_hair089.png
Leather Helm U,female_f_hair061.png,male_m_hair061.png
Hunters Helm U,female_f_hair065.png,male_m_hair065.png
Hunters Cap U,female_f_hair066.png,male_m_hair066.png
Bone Helm U,female_f_hair071.png,male_m_hair071.png
Bone Cap U,female_f_hair072.png,male_m_hair072.png
Battle Helm U,female_f_hair073.png,male_m_hair073.png
Battle Cap U,female_f_hair074.png,male_m_hair074.png
Velociprey Helm U,female_f_hair065.png,male_m_hair065.png
Velociprey Cap U,female_f_hair066.png,male_m_hair066.png
Hi Metal Helm U,female_f_hair075.png,male_m_hair075.png
Hi Metal Cap U,female_f_hair076.png,male_m_hair076.png
Gypceros Helm U,female_f_hair078.png,male_m_hair078.png
Gypceros Cap U,female_f_hair079.png,male_m_hair079.png
Cephalos Helm U,female_f_hair080.png,male_m_hair080.png
Cephalos Cap U,female_f_hair081.png,male_m_hair081.png
Khezu Helm U,female_f_hair090.png,male_m_hair090.png
Khezu Cap U,female_f_hair091.png,male_m_hair091.png
Plesioth Helm U,female_f_hair092.png,male_m_hair092.png
Plesioth Cap U,female_f_hair093.png,male_m_hair093.png
Diablo Helm U,female_f_hair086.png,male_m_hair086.png
Diablo Cap U,female_f_hair087.png,male_m_hair087.png
Gravios Helm U,female_f_hair094.png,male_m_hair094.png
Gravios Cap U,female_f_hair095.png,male_m_hair095.png
Borealis Crown Ten,female_f_hair098.png,male_m_hair000.png
Glyph Crown Ten,female_f_hair099.png,male_m_hair000.png
Auroros Helm Ten,female_f_hair000.png,male_m_hair098.png
Genesis Headpiece Ten,female_f_hair000.png,male_m_hair099.png
Fatalis Crimsonhead,female_f_hair067.png,male_m_hair067.png
Fatalis Crimsonface,female_f_hair068.png,male_m_hair068.png
Golden Moon Helm,female_f_hair084.png,male_m_hair084.png
Golden Moon Cap,female_f_hair085.png,male_m_hair085.png
Silver Sol Helm,female_f_hair082.png,male_m_hair082.png
Silver Sol Cap,female_f_hair083.png,male_m_hair083.png
Protection Piercing,female_f_hair000.png,male_m_hair000.png
Sword Saint Piercing,female_f_hair000.png,male_m_hair000.png
Sure Shot Piercing,female_f_hair000.png,male_m_hair000.png
Early Bird Piercing,female_f_hair000.png,male_m_hair000.png
Expert Piercing,female_f_hair000.png,male_m_hair000.png
Power Piercing,female_f_hair000.png,male_m_hair000.png
Life Piercing,female_f_hair000.png,male_m_hair000.png
Technique Piercing,female_f_hair000.png,male_m_hair000.png
Ambitious Piercing,female_f_hair000.png,male_m_hair000.png
Guildmaster Piercing,female_f_hair000.png,male_m_hair000.png
None,female_f_body000.png,male_m_body000.png
Leather Armor,female_f_body036.png,male_m_body006.png
Chain Mail,female_f_body037.png,male_m_body007.png
Hunters Mail,female_f_body001.png,male_m_body001.png
Hunters Vest,female_f_body019.png,male_m_body021.png
Velociprey Mail,female_f_body005.png,male_m_body004.png
Velociprey Vest,female_f_body003.png,male_m_body002.png
Genprey Mail,female_f_body039.png,male_m_body039.png
Genprey Vest,female_f_body041.png,male_m_body041.png
Ioprey Mail,female_f_body040.png,male_m_body040.png
Ioprey Vest,female_f_body042.png,male_m_body042.png
Rathian Mail,female_f_body002.png,male_m_body003.png
Rathian Vest,female_f_body004.png,male_m_body005.png
Cephalos Mail,female_f_body028.png,male_m_body028.png
Cephalos Vest,female_f_body029.png,male_m_body029.png
Kut Ku Mail,female_f_body006.png,male_m_body009.png
Kut Ku Vest,female_f_body007.png,male_m_body010.png
Battle Mail,female_f_body023.png,male_m_body027.png
Battle Vest,female_f_body020.png,male_m_body024.png
Monoblos Mail,female_f_body043.png,male_m_body043.png
Monoblos Vest,female_f_body044.png,male_m_body044.png
Bone Mail,female_f_body038.png,male_m_body038.png
Bone Vest,female_f_body038.png,male_m_body049.png
Gypceros Mail,female_f_body008.png,male_m_body011.png
Gypceros Vest,female_f_body009.png,male_m_body014.png
Rathalos Mail,female_f_body010.png,male_m_body012.png
Rathalos Vest,female_f_body011.png,male_m_body013.png
Hi Metal Mail,female_f_body045.png,male_m_body045.png
Hi Metal Vest,female_f_body046.png,male_m_body046.png
Khezu Mail,female_f_body017.png,male_m_body015.png
Khezu Vest,female_f_body018.png,male_m_body019.png
Lobster Mail,female_f_body024.png,male_m_body025.png
Lobster Vest,female_f_body025.png,male_m_body026.png
Plesioth Mail,female_f_body030.png,male_m_body032.png
Plesioth Vest,female_f_body031.png,male_m_body033.png
Vespoid Mail,female_f_body015.png,male_m_body020.png
Vespoid Vest,female_f_body016.png,male_m_body008.png
Diablo Mail,female_f_body021.png,male_m_body022.png
Diablo Vest,female_f_body022.png,male_m_body023.png
Hornet Mail,female_f_body034.png,male_m_body034.png
Hornet Vest,female_f_body035.png,male_m_body035.png
Gravios Mail,female_f_body032.png,male_m_body036.png
Gravios Vest,female_f_body033.png,male_m_body037.png
Steel Mail,female_f_body037.png,male_m_body007.png
Borealis Chest,female_f_body026.png,male_m_body000.png
Glyph Chest,female_f_body027.png,male_m_body000.png
Auroros Torso,female_f_body000.png,male_m_body030.png
Genesis Torso,female_f_body000.png,male_m_body031.png
Dragonhide,female_f_body047.png,male_m_body047.png
Dragonskin,female_f_body048.png,male_m_body048.png
Maidens Vest,female_f_body049.png,male_m_body000.png
Personal Vest,female_f_body050.png,male_m_body000.png
Guild Knight Suit,female_f_body000.png,male_m_body050.png
Guild Knight Vest,female_f_body000.png,male_m_body051.png
Shinobi Suit Sun,female_f_body052.png,male_m_body053.png
Shinobi Suit Moon,female_f_body053.png,male_m_body054.png
Moss Breastplate,female_f_body051.png,male_m_body052.png
Black Belt Mail,female_f_body063.png,male_m_body064.png
Rath Heart Mail,female_f_body055.png,male_m_body056.png
Rath Heart Vest,female_f_body062.png,male_m_body063.png
Rath Soul Mail,female_f_body090.png,male_m_body091.png
Rath Soul Vest,female_f_body091.png,male_m_body092.png
Monodevil Mail,female_f_body082.png,male_m_body083.png
Monodevil Vest,female_f_body083.png,male_m_body084.png
Leather Armor+,female_f_body036.png,male_m_body006.png
Chain Mail+,female_f_body037.png,male_m_body007.png
Hunters Mail+,female_f_body001.png,male_m_body001.png
Hunters Vest+,female_f_body019.png,male_m_body021.png
Velociprey Mail+,female_f_body005.png,male_m_body004.png
Velociprey Vest+,female_f_body003.png,male_m_body002.png
Genprey Mail+,female_f_body039.png,male_m_body039.png
Genprey Vest+,female_f_body041.png,male_m_body041.png
Ioprey Mail+,female_f_body040.png,male_m_body040.png
Ioprey Vest+,female_f_body042.png,male_m_body042.png
Rathian Mail+,female_f_body002.png,male_m_body003.png
Rathian Vest+,female_f_body004.png,male_m_body005.png
Cephalos Mail+,female_f_body028.png,male_m_body028.png
Cephalos Vest+,female_f_body029.png,male_m_body029.png
Kut Ku Mail+,female_f_body006.png,male_m_body009.png
Kut Ku Vest+,female_f_body007.png,male_m_body010.png
Battle Mail+,female_f_body023.png,male_m_body027.png
Battle Vest+,female_f_body020.png,male_m_body024.png
Bone Mail+,female_f_body038.png,male_m_body038.png
Bone Vest+,female_f_body038.png,male_m_body049.png
Gypceros Mail+,female_f_body008.png,male_m_body011.png
Gypceros Vest+,female_f_body009.png,male_m_body014.png
Rathalos Mail+,female_f_body010.png,male_m_body012.png
Rathalos Vest+,female_f_body011.png,male_m_body013.png
Hi Metal Mail+,female_f_body045.png,male_m_body045.png
Hi Metal Vest+,female_f_body046.png,male_m_body046.png
Khezu Mail+,female_f_body017.png,male_m_body015.png
Khezu Vest+,female_f_body018.png,male_m_body019.png
Lobster Mail+,female_f_body024.png,male_m_body025.png
Lobster Vest+,female_f_body025.png,male_m_body026.png
Plesioth Mail+,female_f_body030.png,male_m_body032.png
Plesioth Vest+,female_f_body031.png,male_m_body033.png
Vespoid Mail+,female_f_body015.png,male_m_body020.png
Vespoid Vest+,female_f_body016.png,male_m_body008.png
Diablo Mail+,female_f_body021.png,male_m_body022.png
Diablo Vest+,female_f_body022.png,male_m_body023.png
Hornet Mail+,female_f_body034.png,male_m_body034.png
Hornet Vest+,female_f_body035.png,male_m_body035.png
Gravios Mail+,female_f_body032.png,male_m_body036.png
Gravios Vest+,female_f_body033.png,male_m_body037.png
Steel Mail+,female_f_body037.png,male_m_body007.png
Borealis Chest Mai,female_f_body026.png,male_m_body000.png
Glyph Chest Mai,female_f_body027.png,male_m_body000.png
Auroros Torso Mai,female_f_body000.png,male_m_body030.png
Genesis Torso Mai,female_f_body000.png,male_m_body031.png
Dragonhide+,female_f_body047.png,male_m_body047.png
Dragonskin+,female_f_body048.png,male_m_body048.png
Maidens Vest+,female_f_body049.png,male_m_body000.png
Personal Vest+,female_f_body050.png,male_m_body000.png
Guild Knight Suit+,female_f_body000.png,male_m_body050.png
Guild Knight Vest+,female_f_body000.png,male_m_body051.png
Shinobi Suit White,female_f_body052.png,male_m_body053.png
Shinobi Suit Black,female_f_body053.png,male_m_body054.png
Moss Breastplate+,female_f_body051.png,male_m_body052.png
Rath Heart Mail+,female_f_body055.png,male_m_body056.png
Rath Heart Vest+,female_f_body062.png,male_m_body063.png
Rath Soul Mail+,female_f_body090.png,male_m_body091.png
Rath Soul Vest+,female_f_body091.png,male_m_body092.png
Leather Armor S,female_f_body036.png,male_m_body006.png
Chain Mail S,female_f_body037.png,male_m_body007.png
Hunters Mail S,female_f_body001.png,male_m_body001.png
Hunters Vest S,female_f_body019.png,male_m_body021.png
Velociprey Mail S,female_f_body005.png,male_m_body004.png
Velociprey Vest S,female_f_body003.png,male_m_body002.png
Genprey Mail S,female_f_body039.png,male_m_body039.png
Genprey Vest S,female_f_body041.png,male_m_body041.png
Ioprey Mail S,female_f_body040.png,male_m_body040.png
Ioprey Vest S,female_f_body042.png,male_m_body042.png
Rathian Mail S,female_f_body002.png,male_m_body003.png
Rathian Vest S,female_f_body004.png,male_m_body005.png
Cephalos Mail S,female_f_body028.png,male_m_body028.png
Cephalos Vest S,female_f_body029.png,male_m_body029.png
Kut Ku Mail S,female_f_body006.png,male_m_body009.png
Kut Ku Vest S,female_f_body007.png,male_m_body010.png
Battle Mail S,female_f_body023.png,male_m_body027.png
Battle Vest S,female_f_body020.png,male_m_body024.png
Monoblos Mail S,female_f_body043.png,male_m_body043.png
Monoblos Vest S,female_f_body044.png,male_m_body044.png
Bone Mail S,female_f_body038.png,male_m_body038.png
Bone Vest S,female_f_body038.png,male_m_body049.png
Gypceros Mail S,female_f_body008.png,male_m_body011.png
Gypceros Vest S,female_f_body009.png,male_m_body014.png
Rathalos Mail S,female_f_body010.png,male_m_body012.png
Rathalos Vest S,female_f_body011.png,male_m_body013.png
Hi Metal Mail S,female_f_body045.png,male_m_body045.png
Hi Metal Vest S,female_f_body046.png,male_m_body046.png
Khezu Mail S,female_f_body017.png,male_m_body015.png
Khezu Vest S,female_f_body018.png,male_m_body019.png
Lobster Mail S,female_f_body024.png,male_m_body025.png
Lobster Vest S,female_f_body025.png,male_m_body026.png
Plesioth Mail S,female_f_body030.png,male_m_body032.png
Plesioth Vest S,female_f_body031.png,male_m_body033.png
Vespoid Mail S,female_f_body015.png,male_m_body020.png
Vespoid Vest S,female_f_body016.png,male_m_body008.png
Diablo Mail S,female_f_body021.png,male_m_body022.png
Diablo Vest S,female_f_body022.png,male_m_body023.png
Hornet Mail S,female_f_body034.png,male_m_body034.png
Hornet Vest S,female_f_body035.png,male_m_body035.png
Gravios Mail S,female_f_body032.png,male_m_body036.png
Gravios Vest S,female_f_body033.png,male_m_body037.png
Steel Mail S,female_f_body037.png,male_m_body007.png
Borealis Chest Haku,female_f_body026.png,male_m_body000.png
Glyph Chest Haku,female_f_body027.png,male_m_body000.png
Auroros Torso Haku,female_f_body000.png,male_m_body030.png
Genesis Torso Haku,female_f_body000.png,male_m_body031.png
Dragonhide S,female_f_body047.png,male_m_body047.png
Dragonskin S,female_f_body048.png,male_m_body048.png
Maidens Vest S,female_f_body049.png,male_m_body000.png
Personal Vest S,female_f_body050.png,male_m_body000.png
Guild Knight Suit S,female_f_body000.png,male_m_body050.png
Guild Knight Vest S,female_f_body000.png,male_m_body051.png
Shinobi Suit Heaven,female_f_body052.png,male_m_body053.png
Shinobi Suit Earth,female_f_body053.png,male_m_body054.png
Moss Breastplate S,female_f_body051.png,male_m_body052.png
Rath Heart Mail S,female_f_body055.png,male_m_body056.png
Rath Heart Vest S,female_f_body062.png,male_m_body063.png
Rath Soul Mail S,female_f_body090.png,male_m_body091.png
Rath Soul Vest S,female_f_body091.png,male_m_body092.png
Monodevil Mail S,female_f_body082.png,male_m_body083.png
Monodevil Vest S,female_f_body083.png,male_m_body084.png
Leather Armor U,female_f_body054.png,male_m_body055.png
Hunters Mail U,female_f_body056.png,male_m_body057.png
Hunters Vest U,female_f_body057.png,male_m_body058.png
Velociprey Mail U,female_f_body058.png,male_m_body059.png
Velociprey Vest U,female_f_body059.png,male_m_body060.png
Cephalos Mail U,female_f_body074.png,male_m_body075.png
Cephalos Vest U,female_f_body075.png,male_m_body076.png
Kut Ku Mail U,female_f_body070.png,male_m_body071.png
Kut Ku Vest U,female_f_body071.png,male_m_body072.png
Battle Mail U,female_f_body066.png,male_m_body067.png
Battle Vest U,female_f_body067.png,male_m_body068.png
Bone Mail U,female_f_body064.png,male_m_body065.png
Bone Vest U,female_f_body065.png,male_m_body066.png
Gypceros Mail U,female_f_body072.png,male_m_body073.png
Gypceros Vest U,female_f_body073.png,male_m_body074.png
Hi Metal Mail U,female_f_body068.png,male_m_body069.png
Hi Metal Vest U,female_f_body069.png,male_m_body070.png
Khezu Mail U,female_f_body084.png,male_m_body085.png
Khezu Vest U,female_f_body085.png,male_m_body086.png
Plesioth Mail U,female_f_body086.png,male_m_body087.png
Plesioth Vest U,female_f_body087.png,male_m_body088.png
Diablo Mail U,female_f_body080.png,male_m_body081.png
Diablo Vest U,female_f_body081.png,male_m_body082.png
Gravios Mail U,female_f_body088.png,male_m_body089.png
Gravios Vest U,female_f_body089.png,male_m_body090.png
Borealis Chest Ten,female_f_body092.png,male_m_body000.png
Glyph Chest Ten,female_f_body093.png,male_m_body000.png
Auroros Torso Ten,female_f_body000.png,male_m_body093.png
Genesis Torso Ten,female_f_body000.png,male_m_body094.png
Fatalis Crimsonhide,female_f_body060.png,male_m_body061.png
Fatalis Crimsonskin,female_f_body061.png,male_m_body062.png
Golden Moon Mail,female_f_body078.png,male_m_body079.png
Golden Moon Vest,female_f_body079.png,male_m_body080.png
Silver Sol Mail,female_f_body076.png,male_m_body077.png
Silver Sol Vest,female_f_body077.png,male_m_body078.png
Wyvern Rex Mail,female_f_body010.png,male_m_body012.png
None,female_f_arm000.png,male_m_arm000.png
Leather Vambraces,female_f_arm035.png,male_m_arm006.png
Chain Vambraces,female_f_arm036.png,male_m_arm007.png
Hunters Vambraces,female_f_arm001.png,male_m_arm001.png
Hunters Guards,female_f_arm019.png,male_m_arm021.png
Velociprey Vambraces,female_f_arm005.png,male_m_arm004.png
Velociprey Guards,female_f_arm003.png,male_m_arm002.png
Genprey Vambraces,female_f_arm038.png,male_m_arm038.png
Genprey Guards,female_f_arm040.png,male_m_arm040.png
Ioprey Vambraces,female_f_arm039.png,male_m_arm039.png
Ioprey Guards,female_f_arm041.png,male_m_arm041.png
Rathian Vambraces,female_f_arm002.png,male_m_arm003.png
Rathian Guards,female_f_arm004.png,male_m_arm005.png
Cephalos Vambraces,female_f_arm028.png,male_m_arm028.png
Cephalos Guards,female_f_arm029.png,male_m_arm029.png
Kut Ku Vambraces,female_f_arm006.png,male_m_arm009.png
Kut Ku Guards,female_f_arm007.png,male_m_arm010.png
Battle Vambraces,female_f_arm023.png,male_m_arm027.png
Battle Guards,female_f_arm020.png,male_m_arm024.png
Monoblos Vambraces,female_f_arm042.png,male_m_arm042.png
Monoblos Guards,female_f_arm043.png,male_m_arm043.png
Bone Vambraces,female_f_arm037.png,male_m_arm037.png
Bone Guards,female_f_arm048.png,male_m_arm048.png
Gypceros Vambraces,female_f_arm008.png,male_m_arm011.png
Gypceros Guards,female_f_arm009.png,male_m_arm014.png
Rathalos Vambraces,female_f_arm010.png,male_m_arm012.png
Rathalos Guards,female_f_arm011.png,male_m_arm013.png
Hi Metal Vambraces,female_f_arm044.png,male_m_arm044.png
Hi Metal Guards,female_f_arm045.png,male_m_arm045.png
Khezu Vambraces,female_f_arm017.png,male_m_arm015.png
Khezu Guards,female_f_arm018.png,male_m_arm019.png
Lobster Vambraces,female_f_arm024.png,male_m_arm025.png
Lobster Guards,female_f_arm025.png,male_m_arm026.png
Plesioth Vambraces,female_f_arm030.png,male_m_arm032.png
Plesioth Guards,female_f_arm031.png,male_m_arm033.png
Vespoid Vambraces,female_f_arm015.png,male_m_arm020.png
Vespoid Guards,female_f_arm016.png,male_m_arm008.png
Diablo Vambraces,female_f_arm021.png,male_m_arm022.png
Diablo Guards,female_f_arm022.png,male_m_arm023.png
Hornet Vambraces,female_f_arm034.png,male_m_arm034.png
Hornet Guards,female_f_arm034.png,male_m_arm034.png
Gravios Vambraces,female_f_arm032.png,male_m_arm035.png
Gravios Guards,female_f_arm033.png,male_m_arm036.png
Steel Vambraces,female_f_arm036.png,male_m_arm007.png
Borealis Gauntlets,female_f_arm026.png,male_m_arm000.png
Glyph Gauntlets,female_f_arm027.png,male_m_arm000.png
Auroros Gauntlets,female_f_arm000.png,male_m_arm030.png
Genesis Gauntlets,female_f_arm000.png,male_m_arm031.png
Dragonclaw,female_f_arm046.png,male_m_arm046.png
Dragonfist,female_f_arm047.png,male_m_arm047.png
Maidens Sleeves,female_f_arm049.png,male_m_arm000.png
Personal Sleeves,female_f_arm050.png,male_m_arm000.png
Guild Knight Gloves,female_f_arm000.png,male_m_arm049.png
Guild Knight Sleeves,female_f_arm000.png,male_m_arm050.png
Shinobi Kote Sun,female_f_arm051.png,male_m_arm051.png
Shinobi Kote Moon,female_f_arm052.png,male_m_arm052.png
Black Belt Vambraces,female_f_arm064.png,male_m_arm064.png
Rath Heart Vambraces,female_f_arm054.png,male_m_arm054.png
Rath Heart Guards,female_f_arm061.png,male_m_arm061.png
Rath Soul Vambraces,female_f_arm088.png,male_m_arm088.png
Rath Soul Guards,female_f_arm089.png,male_m_arm089.png
Monodevil Vambraces,female_f_arm080.png,male_m_arm080.png
Monodevil Guards,female_f_arm081.png,male_m_arm081.png
Leather Vambraces+,female_f_arm035.png,male_m_arm006.png
Chain Vambraces+,female_f_arm036.png,male_m_arm007.png
Hunters Vambraces+,female_f_arm001.png,male_m_arm001.png
Hunters Guards+,female_f_arm019.png,male_m_arm021.png
Velociprey Vambraces+,female_f_arm005.png,male_m_arm004.png
Velociprey Guards+,female_f_arm003.png,male_m_arm002.png
Genprey Vambraces+,female_f_arm038.png,male_m_arm038.png
Genprey Guards+,female_f_arm040.png,male_m_arm040.png
Ioprey Vambraces+,female_f_arm039.png,male_m_arm039.png
Ioprey Guards+,female_f_arm041.png,male_m_arm041.png
Rathian Vambraces+,female_f_arm002.png,male_m_arm003.png
Rathian Guards+,female_f_arm004.png,male_m_arm005.png
Cephalos Vambraces+,female_f_arm028.png,male_m_arm028.png
Cephalos Guards+,female_f_arm029.png,male_m_arm029.png
Kut Ku Vambraces+,female_f_arm006.png,male_m_arm009.png
Kut Ku Guards+,female_f_arm007.png,male_m_arm010.png
Battle Vambraces+,female_f_arm023.png,male_m_arm027.png
Battle Guards+,female_f_arm020.png,male_m_arm024.png
Bone Vambraces+,female_f_arm037.png,male_m_arm037.png
Bone Guards+,female_f_arm048.png,male_m_arm048.png
Gypceros Vambraces+,female_f_arm008.png,male_m_arm011.png
Gypceros Guards+,female_f_arm009.png,male_m_arm014.png
Rathalos Vambraces+,female_f_arm010.png,male_m_arm012.png
Rathalos Guards+,female_f_arm011.png,male_m_arm013.png
Hi Metal Vambraces+,female_f_arm044.png,male_m_arm044.png
Hi Metal Guards+,female_f_arm045.png,male_m_arm045.png
Khezu Vambraces+,female_f_arm017.png,male_m_arm015.png
Khezu Guards+,female_f_arm018.png,male_m_arm019.png
Lobster Vambraces+,female_f_arm024.png,male_m_arm025.png
Lobster Guards+,female_f_arm025.png,male_m_arm026.png
Plesioth Vambraces+,female_f_arm030.png,male_m_arm032.png
Plesioth Guards+,female_f_arm031.png,male_m_arm033.png
Vespoid Vambraces+,female_f_arm015.png,male_m_arm020.png
Vespoid Guards+,female_f_arm016.png,male_m_arm008.png
Diablo Vambraces+,female_f_arm021.png,male_m_arm022.png
Diablo Guards+,female_f_arm022.png,male_m_arm023.png
Hornet Vambraces+,female_f_arm034.png,male_m_arm034.png
Hornet Guards+,female_f_arm034.png,male_m_arm034.png
Gravios Vambraces+,female_f_arm032.png,male_m_arm035.png
Gravios Guards+,female_f_arm033.png,male_m_arm036.png
Steel Vambraces+,female_f_arm036.png,male_m_arm007.png
Borealis Gauntlets Mai,female_f_arm026.png,male_m_arm000.png
Glyph Gauntlets Mai,female_f_arm027.png,male_m_arm000.png
Auroros Gauntlets Mai,female_f_arm000.png,male_m_arm030.png
Genesis Gauntlets Mai,female_f_arm000.png,male_m_arm031.png
Dragonclaw+,female_f_arm046.png,male_m_arm046.png
Dragonfist+,female_f_arm047.png,male_m_arm047.png
Maidens Sleeves+,female_f_arm049.png,male_m_arm000.png
Personal Sleeves+,female_f_arm050.png,male_m_arm000.png
Guild Knight Gloves+,female_f_arm000.png,male_m_arm049.png
Guild Knight Sleeves+,female_f_arm000.png,male_m_arm050.png
Shinobi Kote White,female_f_arm051.png,male_m_arm051.png
Shinobi Kote Black,female_f_arm052.png,male_m_arm052.png
Rath Heart Vambraces+,female_f_arm054.png,male_m_arm054.png
Rath Heart Guards+,female_f_arm061.png,male_m_arm061.png
Rath Soul Vambraces+,female_f_arm088.png,male_m_arm088.png
Rath Soul Guards+,female_f_arm089.png,male_m_arm089.png
Leather Vambraces S,female_f_arm035.png,male_m_arm006.png
Chain Vambraces S,female_f_arm036.png,male_m_arm007.png
Hunters Vambraces S,female_f_arm001.png,male_m_arm001.png
Hunters Guards S,female_f_arm019.png,male_m_arm021.png
Velociprey Vambraces S,female_f_arm005.png,male_m_arm004.png
Velociprey Guards S,female_f_arm003.png,male_m_arm002.png
Genprey Vambraces S,female_f_arm038.png,male_m_arm038.png
Genprey Guards S,female_f_arm040.png,male_m_arm040.png
Ioprey Vambraces S,female_f_arm039.png,male_m_arm039.png
Ioprey Guards S,female_f_arm041.png,male_m_arm041.png
Rathian Vambraces S,female_f_arm002.png,male_m_arm003.png
Rathian Guards S,female_f_arm004.png,male_m_arm005.png
Cephalos Vambraces S,female_f_arm028.png,male_m_arm028.png
Cephalos Guards S,female_f_arm029.png,male_m_arm029.png
Kut Ku Vambraces S,female_f_arm006.png,male_m_arm009.png
Kut Ku Guards S,female_f_arm007.png,male_m_arm010.png
Battle Vambraces S,female_f_arm023.png,male_m_arm027.png
Battle Guards S,female_f_arm020.png,male_m_arm024.png
Monoblos Vambraces S,female_f_arm042.png,male_m_arm042.png
Monoblos Guards S,female_f_arm043.png,male_m_arm043.png
Bone Vambraces S,female_f_arm037.png,male_m_arm037.png
Bone Guards S,female_f_arm048.png,male_m_arm048.png
Gypceros Vambraces S,female_f_arm008.png,male_m_arm011.png
Gypceros Guards S,female_f_arm009.png,male_m_arm014.png
Rathalos Vambraces S,female_f_arm010.png,male_m_arm012.png
Rathalos Guards S,female_f_arm011.png,male_m_arm013.png
Hi Metal Vambraces S,female_f_arm044.png,male_m_arm044.png
Hi Metal Guards S,female_f_arm045.png,male_m_arm045.png
Khezu Vambraces S,female_f_arm017.png,male_m_arm015.png
Khezu Guards S,female_f_arm018.png,male_m_arm019.png
Lobster Vambraces S,female_f_arm024.png,male_m_arm025.png
Lobster Guards S,female_f_arm025.png,male_m_arm026.png
Plesioth Vambraces S,female_f_arm030.png,male_m_arm032.png
Plesioth Guards S,female_f_arm031.png,male_m_arm033.png
Vespoid Vambraces S,female_f_arm015.png,male_m_arm020.png
Vespoid Guards S,female_f_arm016.png,male_m_arm008.png
Diablo Vambraces S,female_f_arm021.png,male_m_arm022.png
Diablo Guards S,female_f_arm022.png,male_m_arm023.png
Hornet Vambraces S,female_f_arm034.png,male_m_arm034.png
Hornet Guards S,female_f_arm034.png,male_m_arm034.png
Gravios Vambraces S,female_f_arm032.png,male_m_arm035.png
Gravios Guards S,female_f_arm033.png,male_m_arm036.png
Steel Vambraces S,female_f_arm036.png,male_m_arm007.png
Borealis Gauntlets Haku,female_f_arm026.png,male_m_arm000.png
Glyph Gauntlets Haku,female_f_arm027.png,male_m_arm000.png
Auroros Gauntlets Haku,female_f_arm000.png,male_m_arm030.png
Genesis Gauntlets Haku,female_f_arm000.png,male_m_arm031.png
Dragonclaw S,female_f_arm046.png,male_m_arm046.png
Dragonfist S,female_f_arm047.png,male_m_arm047.png
Maidens Sleeves S,female_f_arm049.png,male_m_arm000.png
Personal Sleeves S,female_f_arm050.png,male_m_arm000.png
Guild Knight Gloves S,female_f_arm000.png,male_m_arm049.png
Guild Knight Sleeves S,female_f_arm000.png,male_m_arm050.png
Shinobi Kote Heaven,female_f_arm051.png,male_m_arm051.png
Shinobi Kote Earth,female_f_arm052.png,male_m_arm052.png
Rath Heart Vambraces S,female_f_arm054.png,male_m_arm054.png
Rath Heart Guards S,female_f_arm061.png,male_m_arm061.png
Rath Soul Vambraces S,female_f_arm088.png,male_m_arm088.png
Rath Soul Guards S,female_f_arm089.png,male_m_arm089.png
Monodevil Vambraces S,female_f_arm042.png,male_m_arm042.png
Monodevil Guards S,female_f_arm043.png,male_m_arm043.png
Leather Vambraces U,female_f_arm053.png,male_m_arm053.png
Hunters Vambraces U,female_f_arm055.png,male_m_arm055.png
Hunters Guards U,female_f_arm056.png,male_m_arm056.png
Velociprey Vambraces U,female_f_arm057.png,male_m_arm057.png
Velociprey Guards U,female_f_arm058.png,male_m_arm058.png
Cephalos Vambraces U,female_f_arm072.png,male_m_arm072.png
Cephalos Guards U,female_f_arm073.png,male_m_arm073.png
Kut Ku Vambraces U,female_f_arm068.png,male_m_arm068.png
Kut Ku Guards U,female_f_arm069.png,male_m_arm069.png
Battle Vambraces U,female_f_arm065.png,male_m_arm065.png
Battle Guards U,female_f_arm092.png,male_m_arm092.png
Bone Vambraces U,female_f_arm062.png,male_m_arm062.png
Bone Guards U,female_f_arm063.png,male_m_arm063.png
Gypceros Vambraces U,female_f_arm070.png,male_m_arm070.png
Gypceros Guards U,female_f_arm071.png,male_m_arm071.png
Hi Metal Vambraces U,female_f_arm066.png,male_m_arm066.png
Hi Metal Guards U,female_f_arm067.png,male_m_arm067.png
Khezu Vambraces U,female_f_arm082.png,male_m_arm082.png
Khezu Guards U,female_f_arm083.png,male_m_arm083.png
Plesioth Vambraces U,female_f_arm084.png,male_m_arm084.png
Plesioth Guards U,female_f_arm085.png,male_m_arm085.png
Diablo Vambraces U,female_f_arm078.png,male_m_arm078.png
Diablo Guards U,female_f_arm079.png,male_m_arm079.png
Gravios Vambraces U,female_f_arm086.png,male_m_arm086.png
Gravios Guards U,female_f_arm087.png,male_m_arm087.png
Borealis Gauntlets Ten,female_f_arm090.png,male_m_arm000.png
Glyph Gauntlets Ten,female_f_arm091.png,male_m_arm000.png
Auroros Gauntlets Ten,female_f_arm000.png,male_m_arm090.png
Genesis Gauntlets Ten,female_f_arm000.png,male_m_arm091.png
Fatalis Crimsonclaw,female_f_arm059.png,male_m_arm059.png
Fatalis Crimsonfist,female_f_arm060.png,male_m_arm060.png
Golden Moon Vambraces,female_f_arm076.png,male_m_arm076.png
Golden Moon Guards,female_f_arm077.png,male_m_arm077.png
Silver Sol Vambraces,female_f_arm074.png,male_m_arm074.png
Silver Sol Guards,female_f_arm075.png,male_m_arm075.png
Heavens Gauntlet,female_f_arm059.png,male_m_arm059.png
None,female_f_wst000.png,male_m_wst000.png
Leather Belt,female_f_wst025.png,male_m_wst006.png
Chain Belt,female_f_wst026.png,male_m_wst007.png
Hunters Tasset,female_f_wst001.png,male_m_wst001.png
Hunters Coat,female_f_wst016.png,male_m_wst018.png
Light Belt,female_f_wst041.png,male_m_wst042.png
Iron Belt,female_f_wst042.png,male_m_wst043.png
Hide Belt,female_f_wst041.png,male_m_wst042.png
Velociprey Tasset,female_f_wst005.png,male_m_wst004.png
Velociprey Coat,female_f_wst003.png,male_m_wst002.png
Genprey Tasset,female_f_wst028.png,male_m_wst029.png
Genprey Coat,female_f_wst030.png,male_m_wst031.png
Ioprey Tasset,female_f_wst029.png,male_m_wst030.png
Ioprey Coat,female_f_wst031.png,male_m_wst032.png
Rathian Tasset,female_f_wst002.png,male_m_wst003.png
Rathian Coat,female_f_wst004.png,male_m_wst005.png
Cephalos Tasset,female_f_wst020.png,male_m_wst021.png
Cephalos Coat,female_f_wst021.png,male_m_wst022.png
Kut Ku Tasset,female_f_wst006.png,male_m_wst009.png
Kut Ku Coat,female_f_wst007.png,male_m_wst010.png
Battle Tasset,female_f_wst018.png,male_m_wst020.png
Battle Coat,female_f_wst017.png,male_m_wst019.png
Bone Tasset,female_f_wst027.png,male_m_wst028.png
Bone Coat,female_f_wst035.png,male_m_wst037.png
Gypceros Tasset,female_f_wst008.png,male_m_wst011.png
Gypceros Coat,female_f_wst009.png,male_m_wst014.png
Rathalos Tasset,female_f_wst010.png,male_m_wst012.png
Rathalos Coat,female_f_wst011.png,male_m_wst013.png
Hi Metal Tasset,female_f_wst032.png,male_m_wst033.png
Hi Metal Coat,female_f_wst033.png,male_m_wst034.png
Khezu Tasset,female_f_wst014.png,male_m_wst015.png
Khezu Coat,female_f_wst015.png,male_m_wst016.png
Vespoid Tasset,female_f_wst012.png,male_m_wst017.png
Vespoid Coat,female_f_wst013.png,male_m_wst008.png
Hornet Tasset,female_f_wst024.png,male_m_wst025.png
Hornet Coat,female_f_wst024.png,male_m_wst025.png
Gravios Tasset,female_f_wst022.png,male_m_wst026.png
Gravios Coat,female_f_wst023.png,male_m_wst027.png
Steel Belt,female_f_wst042.png,male_m_wst043.png
Chrome Metal Coat,female_f_wst075.png,male_m_wst075.png
Borealis Tasset,female_f_wst019.png,male_m_wst000.png
Glyph Tasset,female_f_wst019.png,male_m_wst000.png
Red Borealis Tasset,female_f_wst043.png,male_m_wst000.png
Red Glyph Tasset,female_f_wst043.png,male_m_wst000.png
Auroros Tasset,female_f_wst000.png,male_m_wst023.png
Genesis Tasset,female_f_wst000.png,male_m_wst024.png
Dragonwings,female_f_wst036.png,male_m_wst035.png
Dragontail,female_f_wst034.png,male_m_wst036.png
Maidens Skirt,female_f_wst037.png,male_m_wst000.png
Personal Frills,female_f_wst038.png,male_m_wst000.png
Guild Knight Coat,female_f_wst000.png,male_m_wst038.png
Guild Knight Kilt,female_f_wst000.png,male_m_wst039.png
Shinobi Belt Sun,female_f_wst039.png,male_m_wst040.png
Shinobi Belt Moon,female_f_wst040.png,male_m_wst041.png
Black Belt Tasset,female_f_wst055.png,male_m_wst055.png
Rath Heart Tasset,female_f_wst045.png,male_m_wst045.png
Rath Heart Coat,female_f_wst052.png,male_m_wst052.png
Rath Soul Tasset,female_f_wst076.png,male_m_wst076.png
Rath Soul Coat,female_f_wst077.png,male_m_wst077.png
Leather Belt+,female_f_wst025.png,male_m_wst006.png
Chain Belt+,female_f_wst026.png,male_m_wst007.png
Hunters Tasset+,female_f_wst001.png,male_m_wst001.png
Hunters Coat+,female_f_wst016.png,male_m_wst018.png
Light Belt+,female_f_wst041.png,male_m_wst042.png
Iron Belt+,female_f_wst042.png,male_m_wst043.png
Hide Belt+,female_f_wst041.png,male_m_wst042.png
Velociprey Tasset+,female_f_wst005.png,male_m_wst004.png
Velociprey Coat+,female_f_wst003.png,male_m_wst002.png
Genprey Tasset+,female_f_wst028.png,male_m_wst029.png
Genprey Coat+,female_f_wst030.png,male_m_wst031.png
Ioprey Tasset+,female_f_wst029.png,male_m_wst030.png
Ioprey Coat+,female_f_wst031.png,male_m_wst032.png
Rathian Tasset+,female_f_wst002.png,male_m_wst003.png
Rathian Coat+,female_f_wst004.png,male_m_wst005.png
Cephalos Tasset+,female_f_wst020.png,male_m_wst021.png
Cephalos Coat+,female_f_wst021.png,male_m_wst022.png
Kut Ku Tasset+,female_f_wst006.png,male_m_wst009.png
Kut Ku Coat+,female_f_wst007.png,male_m_wst010.png
Battle Tasset+,female_f_wst018.png,male_m_wst020.png
Battle Coat+,female_f_wst017.png,male_m_wst019.png
Bone Tasset+,female_f_wst027.png,male_m_wst028.png
Bone Coat+,female_f_wst035.png,male_m_wst037.png
Gypceros Tasset+,female_f_wst008.png,male_m_wst011.png
Gypceros Coat+,female_f_wst009.png,male_m_wst014.png
Rathalos Tasset+,female_f_wst010.png,male_m_wst012.png
Rathalos Coat+,female_f_wst011.png,male_m_wst013.png
Hi Metal Tasset+,female_f_wst032.png,male_m_wst033.png
Hi Metal Coat+,female_f_wst033.png,male_m_wst034.png
Khezu Tasset+,female_f_wst014.png,male_m_wst015.png
Khezu Coat+,female_f_wst015.png,male_m_wst016.png
Vespoid Tasset+,female_f_wst012.png,male_m_wst017.png
Vespoid Coat+,female_f_wst013.png,male_m_wst008.png
Hornet Tasset+,female_f_wst024.png,male_m_wst025.png
Hornet Coat+,female_f_wst024.png,male_m_wst025.png
Gravios Tasset+,female_f_wst022.png,male_m_wst026.png
Gravios Coat+,female_f_wst023.png,male_m_wst027.png
Steel Belt+,female_f_wst042.png,male_m_wst043.png
Chrome Metal Coat+,female_f_wst075.png,male_m_wst075.png
Borealis Tasset Mai,female_f_wst019.png,male_m_wst000.png
Glyph Tasset Mai,female_f_wst019.png,male_m_wst000.png
Red Borealis Tasset Mai,female_f_wst043.png,male_m_wst000.png
Red Glyph Tasset Mai,female_f_wst043.png,male_m_wst000.png
Auroros Tasset Mai,female_f_wst000.png,male_m_wst023.png
Genesis Tasset Mai,female_f_wst000.png,male_m_wst024.png
Dragonwings+,female_f_wst036.png,male_m_wst035.png
Dragontail+,female_f_wst034.png,male_m_wst036.png
Maidens Skirt+,female_f_wst037.png,male_m_wst000.png
Personal Frills+,female_f_wst038.png,male_m_wst000.png
Guild Knight Coat+,female_f_wst000.png,male_m_wst038.png
Guild Knight Kilt+,female_f_wst000.png,male_m_wst039.png
Shinobi Belt White,female_f_wst039.png,male_m_wst040.png
Shinobi Belt Black,female_f_wst040.png,male_m_wst041.png
Rath Heart Tasset+,female_f_wst045.png,male_m_wst045.png
Rath Heart Coat+,female_f_wst052.png,male_m_wst052.png
Rath Soul Tasset+,female_f_wst076.png,male_m_wst076.png
Rath Soul Coat+,female_f_wst077.png,male_m_wst077.png
Leather Belt S,female_f_wst025.png,male_m_wst006.png
Chain Belt S,female_f_wst026.png,male_m_wst007.png
Hunters Tasset S,female_f_wst001.png,male_m_wst001.png
Hunters Coat S,female_f_wst016.png,male_m_wst018.png
Light Belt S,female_f_wst041.png,male_m_wst042.png
Iron Belt S,female_f_wst042.png,male_m_wst043.png
Hide Belt S,female_f_wst041.png,male_m_wst042.png
Velociprey Tasset S,female_f_wst005.png,male_m_wst004.png
Velociprey Coat S,female_f_wst003.png,male_m_wst002.png
Genprey Tasset S,female_f_wst028.png,male_m_wst029.png
Genprey Coat S,female_f_wst030.png,male_m_wst031.png
Ioprey Tasset S,female_f_wst029.png,male_m_wst030.png
Ioprey Coat S,female_f_wst031.png,male_m_wst032.png
Rathian Tasset S,female_f_wst002.png,male_m_wst003.png
Rathian Coat S,female_f_wst004.png,male_m_wst005.png
Cephalos Tasset S,female_f_wst020.png,male_m_wst021.png
Cephalos Coat S,female_f_wst021.png,male_m_wst022.png
Kut Ku Tasset S,female_f_wst006.png,male_m_wst009.png
Kut Ku Coat S,female_f_wst007.png,male_m_wst010.png
Battle Tasset S,female_f_wst018.png,male_m_wst020.png
Battle Coat S,female_f_wst017.png,male_m_wst019.png
Bone Tasset S,female_f_wst027.png,male_m_wst028.png
Bone Coat S,female_f_wst035.png,male_m_wst037.png
Gypceros Tasset S,female_f_wst008.png,male_m_wst011.png
Gypceros Coat S,female_f_wst009.png,male_m_wst014.png
Rathalos Tasset S,female_f_wst010.png,male_m_wst012.png
Rathalos Coat S,female_f_wst011.png,male_m_wst013.png
Hi Metal Tasset S,female_f_wst032.png,male_m_wst033.png
Hi Metal Coat S,female_f_wst033.png,male_m_wst034.png
Khezu Tasset S,female_f_wst014.png,male_m_wst015.png
Khezu Coat S,female_f_wst015.png,male_m_wst016.png
Vespoid Tasset S,female_f_wst012.png,male_m_wst017.png
Vespoid Coat S,female_f_wst013.png,male_m_wst008.png
Hornet Tasset S,female_f_wst024.png,male_m_wst025.png
Hornet Coat S,female_f_wst024.png,male_m_wst025.png
Gravios Tasset S,female_f_wst022.png,male_m_wst026.png
Gravios Coat S,female_f_wst023.png,male_m_wst027.png
Steel Belt S,female_f_wst042.png,male_m_wst043.png
Chrome Metal Coat S,female_f_wst075.png,male_m_wst075.png
Borealis Tasset Haku,female_f_wst019.png,male_m_wst000.png
Glyph Tasset Haku,female_f_wst019.png,male_m_wst000.png
Red Borealis Tasset Haku,female_f_wst043.png,male_m_wst000.png
Red Glyph Tasset Haku,female_f_wst043.png,male_m_wst000.png
Auroros Tasset Haku,female_f_wst000.png,male_m_wst023.png
Genesis Tasset Haku,female_f_wst000.png,male_m_wst024.png
Dragonwings S,female_f_wst036.png,male_m_wst035.png
Dragontail S,female_f_wst034.png,male_m_wst036.png
Maidens Skirt S,female_f_wst037.png,male_m_wst000.png
Personal Frills S,female_f_wst038.png,male_m_wst000.png
Guild Knight Coat S,female_f_wst000.png,male_m_wst038.png
Guild Knight Kilt S,female_f_wst000.png,male_m_wst039.png
Shinobi Belt Heaven,female_f_wst039.png,male_m_wst040.png
Shinobi Belt Earth,female_f_wst040.png,male_m_wst041.png
Rath Heart Tasset S,female_f_wst045.png,male_m_wst045.png
Rath Heart Coat S,female_f_wst052.png,male_m_wst052.png
Rath Soul Tasset S,female_f_wst076.png,male_m_wst076.png
Rath Soul Coat S,female_f_wst077.png,male_m_wst077.png
Leather Belt U,female_f_wst044.png,male_m_wst044.png
Hunters Tasset U,female_f_wst046.png,male_m_wst046.png
Hunters Coat U,female_f_wst047.png,male_m_wst047.png
Velociprey Tasset U,female_f_wst048.png,male_m_wst048.png
Velociprey Coat U,female_f_wst049.png,male_m_wst049.png
Cephalos Tasset U,female_f_wst063.png,male_m_wst063.png
Cephalos Coat U,female_f_wst064.png,male_m_wst064.png
Kut Ku Tasset U,female_f_wst059.png,male_m_wst059.png
Kut Ku Coat U,female_f_wst060.png,male_m_wst060.png
Battle Tasset U,female_f_wst056.png,male_m_wst056.png
Battle Coat U,female_f_wst073.png,male_m_wst073.png
Bone Tasset U,female_f_wst053.png,male_m_wst053.png
Bone Coat U,female_f_wst054.png,male_m_wst054.png
Gypceros Tasset U,female_f_wst061.png,male_m_wst061.png
Gypceros Coat U,female_f_wst062.png,male_m_wst062.png
Hi Metal Tasset U,female_f_wst057.png,male_m_wst057.png
Hi Metal Coat U,female_f_wst058.png,male_m_wst058.png
Khezu Tasset U,female_f_wst069.png,male_m_wst069.png
Khezu Coat U,female_f_wst070.png,male_m_wst070.png
Gravios Tasset U,female_f_wst071.png,male_m_wst071.png
Gravios Coat U,female_f_wst072.png,male_m_wst072.png
Borealis Tasset Ten,female_f_wst074.png,male_m_wst000.png
Glyph Tasset Ten,female_f_wst078.png,male_m_wst000.png
Auroros Tasset Ten,female_f_wst000.png,male_m_wst074.png
Genesis Tasset Ten,female_f_wst000.png,male_m_wst078.png
Fatalis Crimsonwing,female_f_wst050.png,male_m_wst050.png
Fatalis Crimsontail,female_f_wst051.png,male_m_wst051.png
Golden Moon Tasset,female_f_wst067.png,male_m_wst067.png
Golden Moon Coat,female_f_wst068.png,male_m_wst068.png
Silver Sol Tasset,female_f_wst065.png,male_m_wst065.png
Silver Sol Coat,female_f_wst066.png,male_m_wst066.png
Rath Metal Tasset,female_f_wst065.png,male_m_wst065.png
None,female_f_reg000.png,male_m_reg000.png
Green Pants,female_f_reg026.png,male_m_reg006.png
Blue Pants,female_f_reg027.png,male_m_reg007.png
Hunters Greaves,female_f_reg001.png,male_m_reg001.png
Hunters Leggings,female_f_reg001.png,male_m_reg001.png
Velociprey Greaves,female_f_reg005.png,male_m_reg004.png
Velociprey Leggings,female_f_reg003.png,male_m_reg002.png
Genprey Greaves,female_f_reg031.png,male_m_reg029.png
Genprey Leggings,female_f_reg031.png,male_m_reg029.png
Ioprey Greaves,female_f_reg032.png,male_m_reg030.png
Ioprey Leggings,female_f_reg032.png,male_m_reg030.png
Rathian Greaves,female_f_reg002.png,male_m_reg003.png
Rathian Leggings,female_f_reg004.png,male_m_reg005.png
Cephalos Greaves,female_f_reg020.png,male_m_reg020.png
Cephalos Leggings,female_f_reg020.png,male_m_reg020.png
Battle Greaves,female_f_reg018.png,male_m_reg019.png
Battle Leggings,female_f_reg017.png,male_m_reg018.png
Bone Greaves,female_f_reg028.png,male_m_reg028.png
Bone Leggings,female_f_reg028.png,male_m_reg028.png
Gypceros Greaves,female_f_reg008.png,male_m_reg009.png
Gypceros Leggings,female_f_reg008.png,male_m_reg009.png
Rathalos Greaves,female_f_reg009.png,male_m_reg010.png
Rathalos Leggings,female_f_reg010.png,male_m_reg011.png
Hi Metal Greaves,female_f_reg033.png,male_m_reg033.png
Hi Metal Leggings,female_f_reg033.png,male_m_reg033.png
Khezu Greaves,female_f_reg016.png,male_m_reg012.png
Khezu Leggings,female_f_reg007.png,male_m_reg016.png
Vespoid Greaves,female_f_reg014.png,male_m_reg017.png
Vespoid Leggings,female_f_reg015.png,male_m_reg008.png
Plesioth Greaves,female_f_reg021.png,male_m_reg023.png
Plesioth Leggings,female_f_reg022.png,male_m_reg024.png
Hornet Greaves,female_f_reg025.png,male_m_reg025.png
Hornet Leggings,female_f_reg025.png,male_m_reg025.png
Gravios Greaves,female_f_reg023.png,male_m_reg026.png
Gravios Leggings,female_f_reg024.png,male_m_reg027.png
Silver Boots,female_f_reg029.png,male_m_reg031.png
Dark Metal Boots,female_f_reg030.png,male_m_reg032.png
Pink Metal Boots,female_f_reg006.png,male_m_reg000.png
Chrome Metal Boots,female_f_reg065.png,male_m_reg000.png
Borealis Pants,female_f_reg019.png,male_m_reg000.png
Glyph Pants,female_f_reg019.png,male_m_reg000.png
Red Borealis Pants,female_f_reg040.png,male_m_reg000.png
Red Glyph Pants,female_f_reg040.png,male_m_reg000.png
Auroros Pants,female_f_reg000.png,male_m_reg021.png
Genesis Pants,female_f_reg000.png,male_m_reg022.png
Dragonfeet,female_f_reg034.png,male_m_reg034.png
Dragonlegs,female_f_reg035.png,male_m_reg035.png
Maidens Stockings,female_f_reg036.png,male_m_reg000.png
Personal Tights,female_f_reg037.png,male_m_reg000.png
Guild Knight Boots,female_f_reg000.png,male_m_reg036.png
Guild Knight Tights,female_f_reg000.png,male_m_reg037.png
Shinobi Boots Sun,female_f_reg038.png,male_m_reg038.png
Shinobi Boots Moon,female_f_reg039.png,male_m_reg039.png
Black Belt Greaves,female_f_reg050.png,male_m_reg049.png
Rath Heart Greaves,female_f_reg042.png,male_m_reg041.png
Rath Heart Leggings,female_f_reg048.png,male_m_reg047.png
Rath Soul Greaves,female_f_reg066.png,male_m_reg065.png
Rath Soul Leggings,female_f_reg067.png,male_m_reg066.png
Green Pants+,female_f_reg026.png,male_m_reg006.png
Blue Pants+,female_f_reg027.png,male_m_reg007.png
Hunters Greaves+,female_f_reg001.png,male_m_reg001.png
Hunters Leggings+,female_f_reg001.png,male_m_reg001.png
Velociprey Greaves+,female_f_reg005.png,male_m_reg004.png
Velociprey Leggings+,female_f_reg003.png,male_m_reg002.png
Genprey Greaves+,female_f_reg031.png,male_m_reg029.png
Genprey Leggings+,female_f_reg031.png,male_m_reg029.png
Ioprey Greaves+,female_f_reg032.png,male_m_reg030.png
Ioprey Leggings+,female_f_reg032.png,male_m_reg030.png
Rathian Greaves+,female_f_reg002.png,male_m_reg003.png
Rathian Leggings+,female_f_reg004.png,male_m_reg005.png
Cephalos Greaves+,female_f_reg020.png,male_m_reg020.png
Cephalos Leggings+,female_f_reg020.png,male_m_reg020.png
Battle Greaves+,female_f_reg018.png,male_m_reg019.png
Battle Leggings+,female_f_reg017.png,male_m_reg018.png
Bone Greaves+,female_f_reg028.png,male_m_reg028.png
Bone Leggings+,female_f_reg028.png,male_m_reg028.png
Gypceros Greaves+,female_f_reg008.png,male_m_reg009.png
Gypceros Leggings+,female_f_reg008.png,male_m_reg009.png
Rathalos Greaves+,female_f_reg009.png,male_m_reg010.png
Rathalos Leggings+,female_f_reg010.png,male_m_reg011.png
Hi Metal Greaves+,female_f_reg033.png,male_m_reg033.png
Hi Metal Leggings+,female_f_reg033.png,male_m_reg033.png
Khezu Greaves+,female_f_reg016.png,male_m_reg012.png
Khezu Leggings+,female_f_reg007.png,male_m_reg016.png
Vespoid Greaves+,female_f_reg014.png,male_m_reg017.png
Vespoid Leggings+,female_f_reg015.png,male_m_reg008.png
Plesioth Greaves+,female_f_reg021.png,male_m_reg023.png
Plesioth Leggings+,female_f_reg022.png,male_m_reg024.png
Hornet Greaves+,female_f_reg025.png,male_m_reg025.png
Hornet Leggings+,female_f_reg025.png,male_m_reg025.png
Gravios Greaves+,female_f_reg023.png,male_m_reg026.png
Gravios Leggings+,female_f_reg024.png,male_m_reg027.png
Silver Boots+,female_f_reg029.png,male_m_reg031.png
Dark Metal Boots+,female_f_reg030.png,male_m_reg032.png
Pink Metal Boots+,female_f_reg006.png,male_m_reg000.png
Chrome Metal Boots+,female_f_reg065.png,male_m_reg000.png
Borealis Pants Mai,female_f_reg019.png,male_m_reg000.png
Glyph Pants Mai,female_f_reg019.png,male_m_reg000.png
Red Borealis Pants Mai,female_f_reg040.png,male_m_reg000.png
Red Glyph Pants Mai,female_f_reg040.png,male_m_reg000.png
Auroros Pants Mai,female_f_reg000.png,male_m_reg021.png
Genesis Pants Mai,female_f_reg000.png,male_m_reg022.png
Dragonfeet+,female_f_reg034.png,male_m_reg034.png
Dragonlegs+,female_f_reg035.png,male_m_reg035.png
Maidens Stockings+,female_f_reg036.png,male_m_reg000.png
Personal Tights+,female_f_reg037.png,male_m_reg000.png
Guild Knight Boots+,female_f_reg000.png,male_m_reg036.png
Guild Knight Tights+,female_f_reg000.png,male_m_reg037.png
Shinobi Boots White,female_f_reg038.png,male_m_reg038.png
Shinobi Boots Black,female_f_reg039.png,male_m_reg039.png
Rath Heart Greaves+,female_f_reg042.png,male_m_reg041.png
Rath Heart Leggings+,female_f_reg048.png,male_m_reg047.png
Rath Soul Greaves+,female_f_reg066.png,male_m_reg065.png
Rath Soul Leggings+,female_f_reg067.png,male_m_reg066.png
Green Pants S,female_f_reg026.png,male_m_reg006.png
Blue Pants S,female_f_reg027.png,male_m_reg007.png
Hunters Greaves S,female_f_reg001.png,male_m_reg001.png
Hunters Leggings S,female_f_reg001.png,male_m_reg001.png
Velociprey Greaves S,female_f_reg005.png,male_m_reg004.png
Velociprey Leggings S,female_f_reg003.png,male_m_reg002.png
Genprey Greaves S,female_f_reg031.png,male_m_reg029.png
Genprey Leggings S,female_f_reg031.png,male_m_reg029.png
Ioprey Greaves S,female_f_reg032.png,male_m_reg030.png
Ioprey Leggings S,female_f_reg032.png,male_m_reg030.png
Rathian Greaves S,female_f_reg002.png,male_m_reg003.png
Rathian Leggings S,female_f_reg004.png,male_m_reg005.png
Cephalos Greaves S,female_f_reg020.png,male_m_reg020.png
Cephalos Leggings S,female_f_reg020.png,male_m_reg020.png
Battle Greaves S,female_f_reg018.png,male_m_reg019.png
Battle Leggings S,female_f_reg017.png,male_m_reg018.png
Bone Greaves S,female_f_reg028.png,male_m_reg028.png
Bone Leggings S,female_f_reg028.png,male_m_reg028.png
Gypceros Greaves S,female_f_reg008.png,male_m_reg009.png
Gypceros Leggings S,female_f_reg008.png,male_m_reg009.png
Rathalos Greaves S,female_f_reg009.png,male_m_reg010.png
Rathalos Leggings S,female_f_reg010.png,male_m_reg011.png
Hi Metal Greaves S,female_f_reg033.png,male_m_reg033.png
Hi Metal Leggings S,female_f_reg033.png,male_m_reg033.png
Khezu Greaves S,female_f_reg016.png,male_m_reg012.png
Khezu Leggings S,female_f_reg007.png,male_m_reg016.png
Vespoid Greaves S,female_f_reg014.png,male_m_reg017.png
Vespoid Leggings S,female_f_reg015.png,male_m_reg008.png
Plesioth Greaves S,female_f_reg021.png,male_m_reg023.png
Plesioth Leggings S,female_f_reg022.png,male_m_reg024.png
Hornet Greaves S,female_f_reg025.png,male_m_reg025.png
Hornet Leggings S,female_f_reg025.png,male_m_reg025.png
Gravios Greaves S,female_f_reg023.png,male_m_reg026.png
Gravios Leggings S,female_f_reg024.png,male_m_reg027.png
Silver Boots S,female_f_reg029.png,male_m_reg031.png
Dark Metal Boots S,female_f_reg030.png,male_m_reg032.png
Pink Metal Boots S,female_f_reg006.png,male_m_reg000.png
Chrome Metal Boots S,female_f_reg065.png,male_m_reg000.png
Borealis Pants Haku,female_f_reg019.png,male_m_reg000.png
Glyph Pants Haku,female_f_reg019.png,male_m_reg000.png
Red Borealis Pants Haku,female_f_reg040.png,male_m_reg000.png
Red Glyph Pants Haku,female_f_reg040.png,male_m_reg000.png
Auroros Pants Haku,female_f_reg000.png,male_m_reg021.png
Genesis Pants Haku,female_f_reg000.png,male_m_reg022.png
Dragonfeet S,female_f_reg034.png,male_m_reg034.png
Dragonlegs S,female_f_reg035.png,male_m_reg035.png
Maidens Stockings S,female_f_reg036.png,male_m_reg000.png
Personal Tights S,female_f_reg037.png,male_m_reg000.png
Guild Knight Boots S,female_f_reg000.png,male_m_reg036.png
Guild Knight Tights S,female_f_reg000.png,male_m_reg037.png
Shinobi Boots Heaven,female_f_reg038.png,male_m_reg038.png
Shinobi Boots Earth,female_f_reg039.png,male_m_reg039.png
Rath Heart Greaves S,female_f_reg042.png,male_m_reg041.png
Rath Heart Leggings S,female_f_reg048.png,male_m_reg047.png
Rath Soul Greaves S,female_f_reg066.png,male_m_reg065.png
Rath Soul Leggings S,female_f_reg067.png,male_m_reg066.png
Cream Pants,female_f_reg041.png,male_m_reg040.png
Hunters Greaves U,female_f_reg043.png,male_m_reg042.png
Hunters Leggings U,female_f_reg043.png,male_m_reg042.png
Velociprey Greaves U,female_f_reg044.png,male_m_reg043.png
Velociprey Leggings U,female_f_reg045.png,male_m_reg044.png
Cephalos Greaves U,female_f_reg054.png,male_m_reg053.png
Cephalos Leggings U,female_f_reg054.png,male_m_reg053.png
Battle Greaves U,female_f_reg051.png,male_m_reg050.png
Battle Leggings U,female_f_reg070.png,male_m_reg069.png
Bone Greaves U,female_f_reg049.png,male_m_reg048.png
Bone Leggings U,female_f_reg049.png,male_m_reg048.png
Gypceros Greaves U,female_f_reg053.png,male_m_reg052.png
Gypceros Leggings U,female_f_reg053.png,male_m_reg052.png
Hi Metal Greaves U,female_f_reg052.png,male_m_reg051.png
Hi Metal Leggings U,female_f_reg052.png,male_m_reg051.png
Khezu Greaves U,female_f_reg059.png,male_m_reg058.png
Khezu Leggings U,female_f_reg060.png,male_m_reg059.png
Plesioth Greaves U,female_f_reg061.png,male_m_reg060.png
Plesioth Leggings U,female_f_reg062.png,male_m_reg061.png
Gravios Greaves U,female_f_reg062.png,male_m_reg063.png
Gravios Leggings U,female_f_reg063.png,male_m_reg064.png
Borealis Pants Ten,female_f_reg068.png,male_m_reg000.png
Glyph Pants Ten,female_f_reg069.png,male_m_reg000.png
Auroros Pants Ten,female_f_reg000.png,male_m_reg067.png
Genesis Pants Ten,female_f_reg000.png,male_m_reg068.png
Fatalis Crimsonfeet,female_f_reg046.png,male_m_reg045.png
Fatalis Crimsonlegs,female_f_reg047.png,male_m_reg046.png
Golden Moon Greaves,female_f_reg057.png,male_m_reg056.png
Golden Moon Leggings,female_f_reg058.png,male_m_reg057.png
Silver Sol Greaves,female_f_reg055.png,male_m_reg054.png
Silver Sol Leggings,female_f_reg056.png,male_m_reg055.png
Lucky Metal Boots,female_f_reg057.png,male_m_reg056.png
